Situation,B,r1,r2,r3,b1,b2,b3,Runs,eOuts,OBC,AB,HIT,ExcludedPositions,DefaultPosition,ThrowOrder,ThrowOrder_P,ThrowOrder_C,ThrowOrder_1B,ThrowOrder_2B,ThrowOrder_SS,ThrowOrder_3B,ThrowOrder_OF,ThrowOrder_LF,ThrowOrder_CF,ThrowOrder_RF,a1,a2,a3,delay,retreat
0_0_1B,b1,,,,B,,,0,0,1,Y,Y,,,,,,,,,,,s,s,s,,,,,
0_1_1B,b1,b2,,,B,r1,,0,0,4,Y,Y,,,,,,,,,,,s,s,s,b2,,,,
0_2_1B,b1,,b3,,B,,r2,0,0,5,Y,Y,,,,,,,,,,,t,t,s,,b3,,,
0_3_1B,b1,,,b4,B,,,1,0,1,Y,Y,,,,,,,,,,,s,s,s,,,b4,,
0_4_1B,b1,b2,b3,,B,r1,r2,0,0,7,Y,Y,,,,,,,,,,,t,t,s,b2,b3,,,
0_5_1B,b1,b2,,b4,B,r1,,1,0,4,Y,Y,,,,,,,,,,,s,s,s,b2,,b4,,
0_6_1B,b1,,b3,b4,B,,r2,1,0,5,Y,Y,,,,,,,,,,,t,t,s,,b3,b4,,
0_7_1B,b1,b2,b3,b4,B,r1,r2,1,0,7,Y,Y,,,,,,,,,,,t,t,s,b2,b3,b4,,
1_0_1B,b1,,,,B,,,0,1,1,Y,Y,,,,,,,,,,,s,s,s,,,,,
1_1_1B,b1,b2,,,B,r1,,0,1,4,Y,Y,,,,,,,,,,,s,s,s,b2,,,,
1_2_1B,b1,,b3,,B,,r2,0,1,5,Y,Y,,,,,,,,,,,t,t,s,,b3,,,
1_3_1B,b1,,,b4,B,,,1,1,1,Y,Y,,,,,,,,,,,s,s,s,,,b4,,
1_4_1B,b1,b2,b3,,B,r1,r2,0,1,7,Y,Y,,,,,,,,,,,t,t,s,b2,b3,,,
1_5_1B,b1,b2,,b4,B,r1,,1,1,4,Y,Y,,,,,,,,,,,s,s,s,b2,,b4,,
1_6_1B,b1,,b3,b4,B,,r2,1,1,5,Y,Y,,,,,,,,,,,t,t,s,,b3,b4,,
1_7_1B,b1,b2,b3,b4,B,r1,r2,1,1,7,Y,Y,,,,,,,,,,,t,t,s,b2,b3,b4,,
2_0_1B,b1,,,,B,,,0,2,1,Y,Y,,,,,,,,,,,s,s,s,,,,,
2_1_1B,b1,b2,,,B,r1,,0,2,4,Y,Y,,,,,,,,,,,s,s,s,b2,,,,
2_2_1B,b1,,b3,,B,,r2,0,2,5,Y,Y,,,,,,,,,,,t,t,s,,b3,,,
2_3_1B,b1,,,b4,B,,,1,2,1,Y,Y,,,,,,,,,,,s,s,s,,,b4,,
2_4_1B,b1,b2,b3,,B,r1,r2,0,2,7,Y,Y,,,,,,,,,,,t,t,s,b2,b3,,,
2_5_1B,b1,b2,,b4,B,r1,,1,2,4,Y,Y,,,,,,,,,,,s,s,s,b2,,b4,,
2_6_1B,b1,,b3,b4,B,,r2,1,2,5,Y,Y,,,,,,,,,,,t,t,s,,b3,b4,,
2_7_1B,b1,b2,b3,b4,B,r1,r2,1,2,7,Y,Y,,,,,,,,,,,t,t,s,b2,b3,b4,,
0_1_1BWH,b1,b3,,,B,,r1,0,0,5,Y,Y,,,,,,,,,,,s,s,s,b3,,,,
0_2_1BWH,b1,,b4,,B,,,1,0,1,Y,Y,,,,,,,,,,,s,s,s,,b4,,,
0_4_1BWH,b1,b3,b4,,B,,r1,1,0,5,Y,Y,,,,,,,,,,,t,t,s,b3,b4,,,
0_5_1BWH,b1,b3,,b4,B,,r1,1,0,5,Y,Y,,,,,,,,,,,s,s,s,b3,,b4,,
0_6_1BWH,b1,,b4,b4,B,,,2,0,1,Y,Y,,,,,,,,,,,t,t,s,,b4,b4,,
0_7_1BWH,b1,b3,b4,b4,B,,r1,2,0,5,Y,Y,,,,,,,,,,,s,s,s,b3,b4,b4,,
1_1_1BWH,b1,b3,,,B,,r1,0,1,5,Y,Y,,,,,,,,,,,t,t,s,b3,,,,
1_2_1BWH,b1,,b4,,B,,,1,1,1,Y,Y,,,,,,,,,,,t,t,s,,b4,,,
1_4_1BWH,b1,b3,b4,,B,,r1,1,1,5,Y,Y,,,,,,,,,,,s,s,s,b3,b4,,,
1_5_1BWH,b1,b3,,b4,B,,r1,1,1,5,Y,Y,,,,,,,,,,,s,s,s,b3,,b4,,
1_6_1BWH,b1,,b4,b4,B,,,2,1,1,Y,Y,,,,,,,,,,,t,t,s,,b4,b4,,
1_7_1BWH,b1,b3,b4,b4,B,,r1,2,1,5,Y,Y,,,,,,,,,,,s,s,s,b3,b4,b4,,
2_1_1BWH,b1,b3,,,B,,r1,0,2,5,Y,Y,,,,,,,,,,,t,t,s,b3,,,,
2_2_1BWH,b1,,b4,,B,,,1,2,1,Y,Y,,,,,,,,,,,s,s,s,,b4,,,
2_4_1BWH,b1,b3,b4,,B,,r1,1,2,5,Y,Y,,,,,,,,,,,t,t,s,b3,b4,,,
2_5_1BWH,b1,b3,,b4,B,,r1,1,2,5,Y,Y,,,,,,,,,,,t,t,s,b3,,b4,,
2_6_1BWH,b1,,b4,b4,B,,,2,2,1,Y,Y,,,,,,,,,,,s,s,s,,b4,b4,,
2_7_1BWH,b1,b3,b4,b4,B,,r1,2,2,5,Y,Y,,,,,,,,,,,s,s,s,b3,b4,b4,,
0_4_1BWH2,b1,b2,b4,,B,r1,,1,0,4,Y,Y,,,,,,,,,,,t,t,s,b2,b4,,,
0_7_1BWH2,b1,b2,b4,b4,B,r1,,2,0,4,Y,Y,,,,,,,,,,,s,s,s,b2,b4,b4,,
1_4_1BWH2,b1,b2,b4,,B,r1,,1,1,4,Y,Y,,,,,,,,,,,t,t,s,b2,b4,,,
1_7_1BWH2,b1,b2,b4,b4,B,r1,,2,1,4,Y,Y,,,,,,,,,,,s,s,s,b2,b4,b4,,
2_4_1BWH2,b1,b2,b4,,B,r1,,1,2,4,Y,Y,,,,,,,,,,,t,t,s,b2,b4,,,
2_7_1BWH2,b1,b2,b4,b4,B,r1,,2,2,4,Y,Y,,,,,,,,,,,t,t,s,b2,b4,b4,,
0_0_2B,b2,,,,,B,,0,0,2,Y,Y,,,,,,,,,,,s,s,s,,,,,
0_1_2B,b2,b3,,,,B,r1,0,0,6,Y,Y,,,,,,,,,,,t,t,s,b3,,,,
0_2_2B,b2,,b4,,,B,,1,0,2,Y,Y,,,,,,,,,,,h,h,h,,b4,,,
0_3_2B,b2,,,b4,,B,,1,0,2,Y,Y,,,,,,,,,,,s,s,s,,,b4,,
0_4_2B,b2,b3,b4,,,B,r1,1,0,6,Y,Y,,,,,,,,,,,h,h,h,b3,b4,,,
0_5_2B,b2,b3,,b4,,B,r1,1,0,6,Y,Y,,,,,,,,,,,s,s,s,b3,,b4,,
0_6_2B,b2,,b4,b4,,B,,2,0,2,Y,Y,,,,,,,,,,,h,h,h,,b4,b4,,
0_7_2B,b2,b3,b4,b4,,B,r1,2,0,6,Y,Y,,,,,,,,,,,h,h,h,b3,b4,b4,,
1_0_2B,b2,,,,,B,,0,1,2,Y,Y,,,,,,,,,,,s,s,s,,,,,
1_1_2B,b2,b3,,,,B,r1,0,1,6,Y,Y,,,,,,,,,,,t,t,s,b3,,,,
1_2_2B,b2,,b4,,,B,,1,1,2,Y,Y,,,,,,,,,,,h,h,h,,b4,,,
1_3_2B,b2,,,b4,,B,,1,1,2,Y,Y,,,,,,,,,,,s,s,s,,,b4,,
1_4_2B,b2,b3,b4,,,B,r1,1,1,6,Y,Y,,,,,,,,,,,h,h,h,b3,b4,,,
1_5_2B,b2,b3,,b4,,B,r1,1,1,6,Y,Y,,,,,,,,,,,s,s,s,b3,,b4,,
1_6_2B,b2,,b4,b4,,B,,2,1,2,Y,Y,,,,,,,,,,,h,h,h,,b4,b4,,
1_7_2B,b2,b3,b4,b4,,B,r1,2,1,6,Y,Y,,,,,,,,,,,h,h,h,b3,b4,b4,,
2_0_2B,b2,,,,,B,,0,2,2,Y,Y,,,,,,,,,,,s,s,s,,,,,
2_1_2B,b2,b3,,,,B,r1,0,2,6,Y,Y,,,,,,,,,,,t,t,s,b3,,,,
2_2_2B,b2,,b4,,,B,,1,2,2,Y,Y,,,,,,,,,,,h,h,h,,b4,,,
2_3_2B,b2,,,b4,,B,,1,2,2,Y,Y,,,,,,,,,,,s,s,s,,,b4,,
2_4_2B,b2,b3,b4,,,B,r1,1,2,6,Y,Y,,,,,,,,,,,h,h,h,b3,b4,,,
2_5_2B,b2,b3,,b4,,B,r1,1,2,6,Y,Y,,,,,,,,,,,s,s,s,b3,,b4,,
2_6_2B,b2,,b4,b4,,B,,2,2,2,Y,Y,,,,,,,,,,,h,h,h,,b4,b4,,
2_7_2B,b2,b3,b4,b4,,B,r1,2,2,6,Y,Y,,,,,,,,,,,h,h,h,b3,b4,b4,,
0_1_2BWH,b2,b4,,,,B,,1,0,2,Y,Y,,,,,,,,,,,h,h,h,b4,,,,
0_4_2BWH,b2,b4,b4,,,B,,2,0,2,Y,Y,,,,,,,,,,,h,h,h,b4,b4,,,
0_5_2BWH,b2,b4,,b4,,B,,2,0,2,Y,Y,,,,,,,,,,,s,s,s,b4,,b4,,
0_7_2BWH,b2,b4,b4,b4,,B,,3,0,2,Y,Y,,,,,,,,,,,h,h,h,b4,b4,b4,,
1_1_2BWH,b2,b4,,,,B,,1,1,2,Y,Y,,,,,,,,,,,h,h,h,b4,,,,
1_4_2BWH,b2,b4,b4,,,B,,2,1,2,Y,Y,,,,,,,,,,,h,h,h,b4,b4,,,
1_5_2BWH,b2,b4,,b4,,B,,2,1,2,Y,Y,,,,,,,,,,,s,s,s,b4,,b4,,
1_7_2BWH,b2,b4,b4,b4,,B,,3,1,2,Y,Y,,,,,,,,,,,h,h,h,b4,b4,b4,,
2_1_2BWH,b2,b4,,,,B,,1,2,2,Y,Y,,,,,,,,,,,h,h,h,b4,,,,
2_4_2BWH,b2,b4,b4,,,B,,2,2,2,Y,Y,,,,,,,,,,,h,h,h,b4,b4,,,
2_5_2BWH,b2,b4,,b4,,B,,2,2,2,Y,Y,,,,,,,,,,,s,s,s,b4,,b4,,
2_7_2BWH,b2,b4,b4,b4,,B,,3,2,2,Y,Y,,,,,,,,,,,h,h,h,b4,b4,b4,,
0_0_3B,b3,,,,,,B,0,0,3,Y,Y,,,,,,,,,,,t,t,t,,,,,
0_1_3B,b3,b4,,,,,B,1,0,3,Y,Y,,,,,,,,,,,h,h,h,b4,,,,
0_2_3B,b3,,b4,,,,B,1,0,3,Y,Y,,,,,,,,,,,t,t,t,,b4,,,
0_3_3B,b3,,,b4,,,B,1,0,3,Y,Y,,,,,,,,,,,t,t,t,,,b4,,
0_4_3B,b3,b4,b4,,,,B,2,0,3,Y,Y,,,,,,,,,,,t,t,t,b4,b4,,,
0_5_3B,b3,b4,,b4,,,B,2,0,3,Y,Y,,,,,,,,,,,t,t,t,b4,,b4,,
0_6_3B,b3,,b4,b4,,,B,2,0,3,Y,Y,,,,,,,,,,,t,t,t,,b4,b4,,
0_7_3B,b3,b4,b4,b4,,,B,3,0,3,Y,Y,,,,,,,,,,,t,t,t,b4,b4,b4,,
1_0_3B,b3,,,,,,B,0,1,3,Y,Y,,,,,,,,,,,t,t,t,,,,,
1_1_3B,b3,b4,,,,,B,1,1,3,Y,Y,,,,,,,,,,,h,h,h,b4,,,,
1_2_3B,b3,,b4,,,,B,1,1,3,Y,Y,,,,,,,,,,,t,t,t,,b4,,,
1_3_3B,b3,,,b4,,,B,1,1,3,Y,Y,,,,,,,,,,,t,t,t,,,b4,,
1_4_3B,b3,b4,b4,,,,B,2,1,3,Y,Y,,,,,,,,,,,t,t,t,b4,b4,,,
1_5_3B,b3,b4,,b4,,,B,2,1,3,Y,Y,,,,,,,,,,,t,t,t,b4,,b4,,
1_6_3B,b3,,b4,b4,,,B,2,1,3,Y,Y,,,,,,,,,,,t,t,t,,b4,b4,,
1_7_3B,b3,b4,b4,b4,,,B,3,1,3,Y,Y,,,,,,,,,,,t,t,t,b4,b4,b4,,
2_0_3B,b3,,,,,,B,0,2,3,Y,Y,,,,,,,,,,,t,t,t,,,,,
2_1_3B,b3,b4,,,,,B,1,2,3,Y,Y,,,,,,,,,,,h,h,h,b4,,,,
2_2_3B,b3,,b4,,,,B,1,2,3,Y,Y,,,,,,,,,,,t,t,t,,b4,,,
2_3_3B,b3,,,b4,,,B,1,2,3,Y,Y,,,,,,,,,,,t,t,t,,,b4,,
2_4_3B,b3,b4,b4,,,,B,2,2,3,Y,Y,,,,,,,,,,,t,t,t,b4,b4,,,
2_5_3B,b3,b4,,b4,,,B,2,2,3,Y,Y,,,,,,,,,,,t,t,t,b4,,b4,,
2_6_3B,b3,,b4,b4,,,B,2,2,3,Y,Y,,,,,,,,,,,t,t,t,,b4,b4,,
2_7_3B,b3,b4,b4,b4,,,B,3,2,3,Y,Y,,,,,,,,,,,t,t,t,b4,b4,b4,,
0_1_Balk,,b2,,,,r1,,0,0,2,N,N,,,,,,,,,,,,,,b2,,,,
0_2_Balk,,,b3,,,,r2,0,0,3,N,N,,,,,,,,,,,,,,,b3,,,
0_3_Balk,,,,b4,,,,1,0,0,N,N,,,,,,,,,,,,,,,,b4,,
0_4_Balk,,b2,b3,,,r1,r2,0,0,6,N,N,,,,,,,,,,,,,,b2,b3,,,
0_5_Balk,,b2,,b4,,r1,,1,0,2,N,N,,,,,,,,,,,,,,b2,,b4,,
0_6_Balk,,,b3,b4,,,r2,1,0,3,N,N,,,,,,,,,,,,,,,b3,b4,,
0_7_Balk,,b2,b3,b4,,r1,r2,1,0,6,N,N,,,,,,,,,,,,,,b2,b3,b4,,
1_1_Balk,,b2,,,,r1,,0,1,2,N,N,,,,,,,,,,,,,,b2,,,,
1_2_Balk,,,b3,,,,r2,0,1,3,N,N,,,,,,,,,,,,,,,b3,,,
1_3_Balk,,,,b4,,,,1,1,0,N,N,,,,,,,,,,,,,,,,b4,,
1_4_Balk,,b2,b3,,,r1,r2,0,1,6,N,N,,,,,,,,,,,,,,b2,b3,,,
1_5_Balk,,b2,,b4,,r1,,1,1,2,N,N,,,,,,,,,,,,,,b2,,b4,,
1_6_Balk,,,b3,b4,,,r2,1,1,3,N,N,,,,,,,,,,,,,,,b3,b4,,
1_7_Balk,,b2,b3,b4,,r1,r2,1,1,6,N,N,,,,,,,,,,,,,,b2,b3,b4,,
2_1_Balk,,b2,,,,r1,,0,2,2,N,N,,,,,,,,,,,,,,b2,,,,
2_2_Balk,,,b3,,,,r2,0,2,3,N,N,,,,,,,,,,,,,,,b3,,,
2_3_Balk,,,,b4,,,,1,2,0,N,N,,,,,,,,,,,,,,,,b4,,
2_4_Balk,,b2,b3,,,r1,r2,0,2,6,N,N,,,,,,,,,,,,,,b2,b3,,,
2_5_Balk,,b2,,b4,,r1,,1,2,2,N,N,,,,,,,,,,,,,,b2,,b4,,
2_6_Balk,,,b3,b4,,,r2,1,2,3,N,N,,,,,,,,,,,,,,,b3,b4,,
2_7_Balk,,b2,b3,b4,,r1,r2,1,2,6,N,N,,,,,,,,,,,,,,b2,b3,b4,,
0_0_bAuto,0,,,,,,,0,1,0,Y,N,,,,,,,,,,,,,,,,,,
0_1_bAuto,0,b1,,,r1,,,0,1,1,Y,N,,,,,,,,,,,,,,b1,,,,
0_2_bAuto,0,,b2,,,r2,,0,1,2,Y,N,,,,,,,,,,,,,,,b2,,,
0_3_bAuto,0,,,b3,,,r3,0,1,3,Y,N,,,,,,,,,,,,,,,,b3,,
0_4_bAuto,0,b1,b2,,r1,r2,,0,1,4,Y,N,,,,,,,,,,,,,,b1,b2,,,
0_5_bAuto,0,b1,,b3,r1,,r3,0,1,5,Y,N,,,,,,,,,,,,,,b1,,b3,,
0_6_bAuto,0,,b2,b3,,r2,r3,0,1,6,Y,N,,,,,,,,,,,,,,,b2,b3,,
0_7_bAuto,0,b1,b2,b3,r1,r2,r3,0,1,7,Y,N,,,,,,,,,,,,,,b1,b2,b3,,
1_0_bAuto,0,,,,,,,0,2,0,Y,N,,,,,,,,,,,,,,,,,,
1_1_bAuto,0,b1,,,r1,,,0,2,1,Y,N,,,,,,,,,,,,,,b1,,,,
1_2_bAuto,0,,b2,,,r2,,0,2,2,Y,N,,,,,,,,,,,,,,,b2,,,
1_3_bAuto,0,,,b3,,,r3,0,2,3,Y,N,,,,,,,,,,,,,,,,b3,,
1_4_bAuto,0,b1,b2,,r1,r2,,0,2,4,Y,N,,,,,,,,,,,,,,b1,b2,,,
1_5_bAuto,0,b1,,b3,r1,,r3,0,2,5,Y,N,,,,,,,,,,,,,,b1,,b3,,
1_6_bAuto,0,,b2,b3,,r2,r3,0,2,6,Y,N,,,,,,,,,,,,,,,b2,b3,,
1_7_bAuto,0,b1,b2,b3,r1,r2,r3,0,2,7,Y,N,,,,,,,,,,,,,,b1,b2,b3,,
2_0_bAuto,0,,,,,,,0,3,0,Y,N,,,,,,,,,,,,,,,,,,
2_1_bAuto,0,,,,,,,0,3,0,Y,N,,,,,,,,,,,,,,,,,,
2_2_bAuto,0,,,,,,,0,3,0,Y,N,,,,,,,,,,,,,,,,,,
2_3_bAuto,0,,,,,,,0,3,0,Y,N,,,,,,,,,,,,,,,,,,
2_4_bAuto,0,,,,,,,0,3,0,Y,N,,,,,,,,,,,,,,,,,,
2_5_bAuto,0,,,,,,,0,3,0,Y,N,,,,,,,,,,,,,,,,,,
2_6_bAuto,0,,,,,,,0,3,0,Y,N,,,,,,,,,,,,,,,,,,
2_7_bAuto,0,,,,,,,0,3,0,Y,N,,,,,,,,,,,,,,,,,,
0_0_B1B,b1,,,,B,,,0,0,1,Y,Y,,,,,,,,,,,,,,,,,,
0_1_B1B,b1,b2,,,B,r1,,0,0,4,Y,Y,,,,,,,,,,,,,,b2,,,,
0_2_B1B,b1,,b3,,B,,r2,0,0,5,Y,Y,,,,,,,,,,,,,,,b3,,,
0_3_B1B,b1,,,b4,B,,,1,0,1,Y,Y,,,,,,,,,,,,,,,,b4,,
0_4_B1B,b1,b2,b3,,B,r1,r2,0,0,7,Y,Y,,,,,,,,,,,,,,b2,b3,,,
0_5_B1B,b1,b2,,b4,B,r1,,1,0,4,Y,Y,,,,,,,,,,,,,,b2,,b4,,
0_6_B1B,b1,,b3,b4,B,,r2,1,0,5,Y,Y,,,,,,,,,,,,,,,b3,b4,,
0_7_B1B,b1,b2,b3,b4,B,r1,r2,1,0,7,Y,Y,,,,,,,,,,,,,,b2,b3,b4,,
1_0_B1B,b1,,,,B,,,0,1,1,Y,Y,,,,,,,,,,,,,,,,,,
1_1_B1B,b1,b2,,,B,r1,,0,1,4,Y,Y,,,,,,,,,,,,,,b2,,,,
1_2_B1B,b1,,b3,,B,,r2,0,1,5,Y,Y,,,,,,,,,,,,,,,b3,,,
1_3_B1B,b1,,,b4,B,,,1,1,1,Y,Y,,,,,,,,,,,,,,,,b4,,
1_4_B1B,b1,b2,b3,,B,r1,r2,0,1,7,Y,Y,,,,,,,,,,,,,,b2,b3,,,
1_5_B1B,b1,b2,,b4,B,r1,,1,1,4,Y,Y,,,,,,,,,,,,,,b2,,b4,,
1_6_B1B,b1,,b3,b4,B,,r2,1,1,5,Y,Y,,,,,,,,,,,,,,,b3,b4,,
1_7_B1B,b1,b2,b3,b4,B,r1,r2,1,1,7,Y,Y,,,,,,,,,,,,,,b2,b3,b4,,
2_0_B1B,b1,,,,B,,,0,2,1,Y,Y,,,,,,,,,,,,,,,,,,
2_1_B1B,b1,b2,,,B,r1,,0,2,4,Y,Y,,,,,,,,,,,,,,b2,,,,
2_2_B1B,b1,,b3,,B,,r2,0,2,5,Y,Y,,,,,,,,,,,,,,,b3,,,
2_3_B1B,b1,,,b4,B,,,1,2,1,Y,Y,,,,,,,,,,,,,,,,b4,,
2_4_B1B,b1,b2,b3,,B,r1,r2,0,2,7,Y,Y,,,,,,,,,,,,,,b2,b3,,,
2_5_B1B,b1,b2,,b4,B,r1,,1,2,4,Y,Y,,,,,,,,,,,,,,b2,,b4,,
2_6_B1B,b1,,b3,b4,B,,r2,1,2,5,Y,Y,,,,,,,,,,,,,,,b3,b4,,
2_7_B1B,b1,b2,b3,b4,B,r1,r2,1,2,7,Y,Y,,,,,,,,,,,,,,b2,b3,b4,,
0_1_B1BWH,b1,b3,,,B,,r1,0,0,5,Y,Y,,,,,,,,,,,,,,b3,,,,
0_2_B1BWH,b1,,b4,,B,,,1,0,1,Y,Y,,,,,,,,,,,,,,,b4,,,
0_4_B1BWH,b1,b3,b4,,B,,r1,1,0,5,Y,Y,,,,,,,,,,,,,,b3,b4,,,
0_5_B1BWH,b1,b3,,b4,B,,r1,1,0,5,Y,Y,,,,,,,,,,,,,,b3,,b4,,
0_6_B1BWH,b1,,b4,b4,B,,,2,0,1,Y,Y,,,,,,,,,,,,,,,b4,b4,,
0_7_B1BWH,b1,b3,b4,b4,B,,r1,2,0,5,Y,Y,,,,,,,,,,,,,,b3,b4,b4,,
1_1_B1BWH,b1,b3,,,B,,r1,0,1,5,Y,Y,,,,,,,,,,,,,,b3,,,,
1_2_B1BWH,b1,,b4,,B,,,1,1,1,Y,Y,,,,,,,,,,,,,,,b4,,,
1_4_B1BWH,b1,b3,b4,,B,,r1,1,1,5,Y,Y,,,,,,,,,,,,,,b3,b4,,,
1_5_B1BWH,b1,b3,,b4,B,,r1,1,1,5,Y,Y,,,,,,,,,,,,,,b3,,b4,,
1_6_B1BWH,b1,,b4,b4,B,,,2,1,1,Y,Y,,,,,,,,,,,,,,,b4,b4,,
1_7_B1BWH,b1,b3,b4,b4,B,,r1,2,1,5,Y,Y,,,,,,,,,,,,,,b3,b4,b4,,
2_1_B1BWH,b1,b3,,,B,,r1,0,2,5,Y,Y,,,,,,,,,,,,,,b3,,,,
2_2_B1BWH,b1,,b4,,B,,,1,2,1,Y,Y,,,,,,,,,,,,,,,b4,,,
2_4_B1BWH,b1,b3,b4,,B,,r1,1,2,5,Y,Y,,,,,,,,,,,,,,b3,b4,,,
2_5_B1BWH,b1,b3,,b4,B,,r1,1,2,5,Y,Y,,,,,,,,,,,,,,b3,,b4,,
2_6_B1BWH,b1,,b4,b4,B,,,2,2,1,Y,Y,,,,,,,,,,,,,,,b4,b4,,
2_7_B1BWH,b1,b3,b4,b4,B,,r1,2,2,5,Y,Y,,,,,,,,,,,,,,b3,b4,b4,,
0_0_BB,b1,,,,B,,,0,0,1,N,N,,,,,,,,,,,,,,,,,,
0_1_BB,b1,b2,,,B,r1,,0,0,4,N,N,,,,,,,,,,,,,,b2,,,,
0_2_BB,b1,,b2,,B,r2,,0,0,4,N,N,,,,,,,,,,,,,,,b2,,,
0_3_BB,b1,,,b3,B,,r3,0,0,5,N,N,,,,,,,,,,,,,,,,b3,,
0_4_BB,b1,b2,b3,,B,r1,r2,0,0,7,N,N,,,,,,,,,,,,,,b2,b3,,,
0_5_BB,b1,b2,,b3,B,r1,r3,0,0,7,N,N,,,,,,,,,,,,,,b2,,b3,,
0_6_BB,b1,,b2,b3,B,r2,r3,0,0,7,N,N,,,,,,,,,,,,,,,b2,b3,,
0_7_BB,b1,b2,b3,b4,B,r1,r2,1,0,7,N,N,,,,,,,,,,,,,,b2,b3,b4,,
1_0_BB,b1,,,,B,,,0,1,1,N,N,,,,,,,,,,,,,,,,,,
1_1_BB,b1,b2,,,B,r1,,0,1,4,N,N,,,,,,,,,,,,,,b2,,,,
1_2_BB,b1,,b2,,B,r2,,0,1,4,N,N,,,,,,,,,,,,,,,b2,,,
1_3_BB,b1,,,b3,B,,r3,0,1,5,N,N,,,,,,,,,,,,,,,,b3,,
1_4_BB,b1,b2,b3,,B,r1,r2,0,1,7,N,N,,,,,,,,,,,,,,b2,b3,,,
1_5_BB,b1,b2,,b3,B,r1,r3,0,1,7,N,N,,,,,,,,,,,,,,b2,,b3,,
1_6_BB,b1,,b2,b3,B,r2,r3,0,1,7,N,N,,,,,,,,,,,,,,,b2,b3,,
1_7_BB,b1,b2,b3,b4,B,r1,r2,1,1,7,N,N,,,,,,,,,,,,,,b2,b3,b4,,
2_0_BB,b1,,,,B,,,0,2,1,N,N,,,,,,,,,,,,,,,,,,
2_1_BB,b1,b2,,,B,r1,,0,2,4,N,N,,,,,,,,,,,,,,b2,,,,
2_2_BB,b1,,b2,,B,r2,,0,2,4,N,N,,,,,,,,,,,,,,,b2,,,
2_3_BB,b1,,,b3,B,,r3,0,2,5,N,N,,,,,,,,,,,,,,,,b3,,
2_4_BB,b1,b2,b3,,B,r1,r2,0,2,7,N,N,,,,,,,,,,,,,,b2,b3,,,
2_5_BB,b1,b2,,b3,B,r1,r3,0,2,7,N,N,,,,,,,,,,,,,,b2,,b3,,
2_6_BB,b1,,b2,b3,B,r2,r3,0,2,7,N,N,,,,,,,,,,,,,,,b2,b3,,
2_7_BB,b1,b2,b3,b4,B,r1,r2,1,2,7,N,N,,,,,,,,,,,,,,b2,b3,b4,,
0_1_BDP,0,0,,,,,,0,2,0,Y,N,"2B,SS",3B,"s,f","s,f","s,f","s,f","s,f","s,f","s,f","s,f",,,,b2,,,,
0_2_BDP,0,,0,,,,,0,2,0,Y,N,"2B,SS",3B,"t,f","t,f","t,f","t,f","t,f","t,f","t,f","t,f",,,,,b3,,,
0_3_BDP,0,,,0,,,,0,2,0,Y,N,"2B,SS",3B,"h,f","h,f","h,f","h,f","h,f","h,f","h,f","h,f",,,,,,b4,,
0_4_BDP,0,b1,0,,r1,,,0,2,1,Y,N,"2B,SS",3B,"t,f","t,f","t,f","t,f","t,f","t,f","t,f","t,f",,,,b1,b3,,,
0_5_BDP,0,b1,,0,r1,,,0,2,1,Y,N,"2B,SS",3B,"h,f","h,f","h,f","h,f","h,f","h,f","h,f","h,f",,,,b1,,b4,,
0_6_BDP,0,,b2,0,,r2,,0,2,2,Y,N,"2B,SS",3B,"h,f","h,f","h,f","h,f","h,f","h,f","h,f","h,f",,,,,b2,b4,,
0_7_BDP,0,b1,b2,0,r1,r2,,0,2,4,Y,N,"2B,SS",3B,"h,f","h,f","h,f","h,f","h,f","h,f","h,f","h,f",,,,b1,b2,b4,,
1_1_BDP,0,0,,,,,,0,3,0,Y,N,"2B,SS",3B,"s,f","s,f","s,f","s,f","s,f","s,f","s,f","s,f",,,,b2,,,,
1_2_BDP,0,,0,,,,,0,3,0,Y,N,"2B,SS",3B,"t,f","t,f","t,f","t,f","t,f","t,f","t,f","t,f",,,,,b3,,,
1_3_BDP,0,,,0,,,,0,3,0,Y,N,"2B,SS",3B,"h,f","h,f","h,f","h,f","h,f","h,f","h,f","h,f",,,,,,b4,,
1_4_BDP,0,,0,,,,,0,3,0,Y,N,"2B,SS",3B,"t,f","t,f","t,f","t,f","t,f","t,f","t,f","t,f",,,,b2,b3,,,
1_5_BDP,0,,,0,,,,0,3,0,Y,N,"2B,SS",3B,"h,f","h,f","h,f","h,f","h,f","h,f","h,f","h,f",,,,b2,,b4,,
1_6_BDP,0,,,0,,,,0,3,0,Y,N,"2B,SS",3B,"h,f","h,f","h,f","h,f","h,f","h,f","h,f","h,f",,,,,b3,b4,,
1_7_BDP,0,,,0,,,,0,3,0,Y,N,"2B,SS",3B,"h,f","h,f","h,f","h,f","h,f","h,f","h,f","h,f",,,,b2,b3,b4,,
0_1_BFC,b1,0,,,B,,,0,1,1,Y,N,"2B,SS",3B,s,,,,,,,,,,,b2,,,,
0_2_BFC,b1,,0,,B,,,0,1,1,Y,N,"2B,SS",3B,t,,,,,,,,,,,,b3,,,
0_3_BFC,b1,,,0,B,,,0,1,1,Y,N,"2B,SS",3B,h,,,,,,,,,,,,,b4,,
0_4_BFC,b1,b2,0,,B,r1,,0,1,4,Y,N,"2B,SS",3B,t,,,,,,,,,,,b2,b3,,,
0_5_BFC,b1,b2,,0,B,r1,,0,1,4,Y,N,"2B,SS",3B,h,,,,,,,,,,,b2,,b4,,
0_6_BFC,b1,,b3,0,B,,r2,0,1,5,Y,N,"2B,SS",3B,h,,,,,,,,,,,,b3,b4,,
0_7_BFC,b1,b2,b3,0,B,r1,r2,0,1,7,Y,N,"2B,SS",3B,h,,,,,,,,,,,b2,b3,b4,,
1_1_BFC,b1,0,,,B,,,0,2,1,Y,N,"2B,SS",3B,s,,,,,,,,,,,b2,,,,
1_2_BFC,b1,,0,,B,,,0,2,1,Y,N,"2B,SS",3B,t,,,,,,,,,,,,b3,,,
1_3_BFC,b1,,,0,B,,,0,2,1,Y,N,"2B,SS",3B,h,,,,,,,,,,,,,b4,,
1_4_BFC,b1,b2,0,,B,r1,,0,2,4,Y,N,"2B,SS",3B,t,,,,,,,,,,,b2,b3,,,
1_5_BFC,b1,b2,,0,B,r1,,0,2,4,Y,N,"2B,SS",3B,h,,,,,,,,,,,b2,,b4,,
1_6_BFC,b1,,b3,0,B,,r2,0,2,5,Y,N,"2B,SS",3B,h,,,,,,,,,,,,b3,b4,,
1_7_BFC,b1,b2,b3,0,B,r1,r2,0,2,7,Y,N,"2B,SS",3B,h,,,,,,,,,,,b2,b3,b4,,
2_1_BFC,b1,0,,,,,,0,3,0,Y,N,"2B,SS",3B,s,,,,,,,,,,,b2,,,,
2_2_BFC,b1,,0,,,,,0,3,0,Y,N,"2B,SS",3B,t,,,,,,,,,,,,b3,,,
2_3_BFC,b1,,,0,,,,0,3,0,Y,N,"2B,SS",3B,h,,,,,,,,,,,,,b4,,
2_4_BFC,b1,,0,,,,,0,3,0,Y,N,"2B,SS",3B,t,,,,,,,,,,,b2,b3,,,
2_5_BFC,b1,,,0,,,,0,3,0,Y,N,"2B,SS",3B,h,,,,,,,,,,,b2,,b4,,
2_6_BFC,b1,,,0,,,,0,3,0,Y,N,"2B,SS",3B,h,,,,,,,,,,,,b3,b4,,
2_7_BFC,b1,,,0,,,,0,3,0,Y,N,"2B,SS",3B,h,,,,,,,,,,,b2,b3,b4,,
0_0_BGO,0,,,,,,,0,1,0,Y,N,"2B,SS",3B,f,,,,,,,,,,,,,,,
1_0_BGO,0,,,,,,,0,2,0,Y,N,"2B,SS",3B,f,,,,,,,,,,,,,,,
2_0_BGO,0,,,,,,,0,3,0,Y,N,"2B,SS",3B,f,,,,,,,,,,,,,,,
0_1_CS,,0,,,,,,0,1,0,N,N,,C,s,,,,,,,,,,,b2,,,,
0_5_CS,,0,,b3,,,r3,0,1,3,N,N,,C,s,,,,,,,,,,,b2,,b3,,
1_1_CS,,0,,,,,,0,2,0,N,N,,C,s,,,,,,,,,,,b2,,,,
1_5_CS,,0,,b3,,,r3,0,2,3,N,N,,C,s,,,,,,,,,,,b2,,b3,,
2_1_CS,,0,,,,,,0,3,0,N,N,,C,s,,,,,,,,,,,b2,,,,
2_5_CS,,0,,,,,,0,3,0,N,N,,C,s,,,,,,,,,,,b2,,,,
0_1_CS2,,0,,,,,,0,1,0,N,N,,C,s,,,,,,,,,,,b2,,,,
0_5_CS2,,0,,b3,,,r3,0,1,3,N,N,,C,s,,,,,,,,,,,b2,,b3,,
1_1_CS2,,0,,,,,,0,2,0,N,N,,C,s,,,,,,,,,,,b2,,,,
1_5_CS2,,0,,b3,,,r3,0,2,3,N,N,,C,s,,,,,,,,,,,b2,,b3,,
2_1_CS2,,0,,,,,,0,3,0,N,N,,C,s,,,,,,,,,,,b2,,,,
2_5_CS2,,0,,,,,,0,3,0,N,N,,C,s,,,,,,,,,,,b2,,,,
0_2_CS3,,,0,,,,,0,1,0,N,N,,C,t,,,,,,,,,,,,b3,,,
0_4_CS3,,b2,0,,,r1,,0,1,2,N,N,,C,t,,,,,,,,,,,b2,b3,,,
1_2_CS3,,,0,,,,,0,2,0,N,N,,C,t,,,,,,,,,,,,b3,,,
1_4_CS3,,b2,0,,,r1,,0,2,2,N,N,,C,t,,,,,,,,,,,b2,b3,,,
2_2_CS3,,,0,,,,,0,3,0,N,N,,C,t,,,,,,,,,,,,b3,,,
2_4_CS3,,,0,,,,,0,3,0,N,N,,C,t,,,,,,,,,,,b2,b3,,,
0_3_CS4,,,,0,,,,0,1,0,N,N,C,P,h,,,,,,,,,,,,,b4,,
0_5_CS4,,b2,,0,,r1,,0,1,2,N,N,C,P,h,,,,,,,,,,,b2,,b4,,
0_6_CS4,,,b3,0,,,r2,0,1,3,N,N,C,P,h,,,,,,,,,,,,b3,b4,,
0_7_CS4,,b2,b3,0,,r1,r2,0,1,6,N,N,C,P,h,,,,,,,,,,,b2,b3,b4,,
1_3_CS4,,,,0,,,,0,2,0,N,N,C,P,h,,,,,,,,,,,,,b4,,
1_5_CS4,,b2,,0,,r1,,0,2,2,N,N,C,P,h,,,,,,,,,,,b2,,b4,,
1_6_CS4,,,b3,0,,,r2,0,2,3,N,N,C,P,h,,,,,,,,,,,,b3,b4,,
1_7_CS4,,b2,b3,0,,r1,r2,0,2,6,N,N,C,P,h,,,,,,,,,,,b2,b3,b4,,
2_3_CS4,,,,0,,,,0,3,0,N,N,C,P,h,,,,,,,,,,,,,b4,,
2_5_CS4,,,,0,,,,0,3,0,N,N,C,P,h,,,,,,,,,,,b2,,b4,,
2_6_CS4,,,,0,,,,0,3,0,N,N,C,P,h,,,,,,,,,,,,b3,b4,,
2_7_CS4,,,,0,,,,0,3,0,N,N,C,P,h,,,,,,,,,,,b2,b3,b4,,
0_1_DFO,0,b1,,,r1,,,0,1,1,Y,N,,,,,,,,,,,,,,b1,,,,
0_2_DFO,0,,b3,,,,r2,0,1,3,Y,N,LF,CF,t,,,,,,,,,,,,b3,,Y,
0_3_DFO,0,,,b4,,,,1,1,0,Y,N,,,h,,,,,,,,,,,,,b4,Y,
0_4_DFO,0,b1,b3,,r1,,r2,0,1,5,Y,N,LF,CF,t,,,,,,,,,,,b1,b3,,Y,
0_5_DFO,0,b1,,b4,r1,,,1,1,1,Y,N,,,h,,,,,,,,,,,b1,,b4,Y,
0_6_DFO,0,,b3,b4,,,r2,1,1,3,Y,N,,,h,,,,,,,,,,,,b3,b4,Y,
0_7_DFO,0,b1,b3,b4,r1,,r2,1,1,5,Y,N,,,h,,,,,,,,,,,b1,b3,b4,Y,
1_1_DFO,0,b1,,,r1,,,0,2,1,Y,N,,,,,,,,,,,,,,b1,,,,
1_2_DFO,0,,b3,,,,r2,0,2,3,Y,N,LF,CF,t,,,,,,,,,,,,b3,,Y,
1_3_DFO,0,,,b4,,,,1,2,0,Y,N,,,h,,,,,,,,,,,,,b4,Y,
1_4_DFO,0,b1,b3,,r1,,r2,0,2,5,Y,N,LF,CF,t,,,,,,,,,,,b1,b3,,Y,
1_5_DFO,0,b1,,b4,r1,,,1,2,1,Y,N,,,h,,,,,,,,,,,b1,,b4,Y,
1_6_DFO,0,,b3,b4,,,r2,1,2,3,Y,N,,,h,,,,,,,,,,,,b3,b4,Y,
1_7_DFO,0,b1,b3,b4,r1,,r2,1,2,5,Y,N,,,h,,,,,,,,,,,b1,b3,b4,Y,
0_1_DP,0,0,,,,,,0,2,0,Y,N,,,"s,f","s,f","s,f","s,f","s,f","s,f","s,f",,,,,b2,,,,
1_1_DP,0,0,,,,,,0,3,0,Y,N,,,"s,f","s,f","s,f","s,f","s,f","s,f","s,f",,,,,b2,,,,
1_7_DP21,0,0,,,,,,0,3,0,Y,N,,,"s,f","s,f","s,f","s,f","s,f","s,f","s,f",,,,,b2,b3,b4,,
0_4_DP21,0,0,b3,,,,r2,0,2,3,Y,N,,,"s,f","s,f","s,f","s,f","s,f","s,f","s,f",,,,,b2,b3,,,
0_5_DP21,0,0,,b3,,,r3,0,2,3,Y,N,,,"s,f","s,f","s,f","s,f","s,f","s,f","s,f",,,,,b2,,b3,,
0_7_DP21,0,0,b3,b4,,,r2,1,2,3,Y,N,,,"s,f","s,f","s,f","s,f","s,f","s,f","s,f",,,,,b2,b3,b4,,
1_4_DP21,0,0,,,,,,0,3,0,Y,N,,,"s,f","s,f","s,f","s,f","s,f","s,f","s,f",,,,,b2,b3,,,
1_5_DP21,0,0,,,,,,0,3,0,Y,N,,,"s,f","s,f","s,f","s,f","s,f","s,f","s,f",,,,,b2,,b4,,
1_6_DP21,0,0,,,,,,0,3,0,Y,N,,,"s,f","s,f","s,f","s,f","s,f","s,f","s,f",,,,,,b3,b4,,
0_4_DP31,0,b2,0,,,r1,,0,2,2,Y,N,"1B,2B,SS,P,C",3B,"t,f","t,f","t,f","t,f","t,f","t,f","t,f",,,,,b2,b3,,,
0_7_DP31,0,b2,0,b4,,r1,,1,2,2,Y,N,"1B,2B,SS,P,C",3B,"t,f","t,f","t,f","t,f","t,f","t,f","t,f",,,,,b2,b3,b4,,
1_4_DP31,0,,0,,,,,0,3,0,Y,N,"1B,2B,SS,P,C",3B,"t,f","t,f","t,f","t,f","t,f","t,f","t,f",,,,,b2,b3,,,
1_7_DP31,0,,0,,,,,0,3,0,Y,N,"1B,2B,SS,P,C",3B,"t,f","t,f","t,f","t,f","t,f","t,f","t,f",,,,,b2,b3,b4,,
0_7_DPH1,0,b2,b3,0,,r1,r2,0,2,6,Y,N,,,"h,f","h,f","h,f","h,f","h,f","h,f","h,f",,,,,b2,b3,b4,,
1_7_DPH1,0,,,0,,,,0,3,0,Y,N,,,"h,f","h,f","h,f","h,f","h,f","h,f","h,f",,,,,b2,b3,b4,,
0_5_DPRun,0,0,,b4,,,,1,2,0,Y,N,,,"s,f","s,f","s,f","s,f","s,f","s,f","s,f",,,,,b2,,b4,,
0_3_DSacF,0,,,b4,,,,1,1,0,N,N,,,h,,,,,,,h,,,,,,b4,Y,
0_5_DSacF,0,b1,,b4,r1,,,1,1,1,N,N,,,h,,,,,,,h,,,,b1,,b4,Y,
0_6_DSacF,0,,b3,b4,,,r2,1,1,3,N,N,,,h,,,,,,,h,,,,,b3,b4,Y,
0_7_DSacF,0,b1,b3,b4,r1,,r2,1,1,5,N,N,,,h,,,,,,,h,,,,b1,b3,b4,Y,
1_3_DSacF,0,,,b4,,,,1,2,0,N,N,,,h,,,,,,,h,,,,,,b4,Y,
1_5_DSacF,0,b1,,b4,r1,,,1,2,1,N,N,,,h,,,,,,,h,,,,b1,,b4,Y,
1_6_DSacF,0,,b3,b4,,,r2,1,2,3,N,N,,,h,,,,,,,h,,,,,b3,b4,Y,
1_7_DSacF,0,b1,b3,b4,r1,,r2,1,2,5,N,N,,,h,,,,,,,h,,,,b1,b3,b4,Y,
0_1_FC,b1,0,,,B,,,0,1,1,Y,N,,,s,,,,,,,,,,,b2,,,,
0_4_FC,b1,0,b3,,B,,r2,0,1,5,Y,N,,,s,,,,,,,,,,,b2,b3,,,
0_5_FC,b1,0,,b3,B,,r3,0,1,5,Y,N,,,s,,,,,,,,,,,b2,,b3,,
1_1_FC,b1,0,,,B,,,0,2,1,Y,N,,,s,,,,,,,,,,,b2,,,,
1_4_FC,b1,0,b3,,B,,r2,0,2,5,Y,N,,,s,,,,,,,,,,,b2,b3,,,
1_5_FC,b1,0,,b3,B,,r3,0,2,5,Y,N,,,s,,,,,,,,,,,b2,,b3,,
0_4_FC3rd,b1,b2,0,,B,r1,,0,1,4,Y,N,,,t,,,,,,,,,,,b2,b3,,,
1_4_FC3rd,b1,b2,0,,B,r1,,0,2,4,Y,N,,,t,,,,,,,,,,,b2,b3,,,
0_5_FCH,b1,b2,,0,B,r1,,0,1,4,Y,N,,,h,,,,,,,,,,,b2,,b4,,
0_7_FCH,b1,b2,b3,0,B,r1,r2,0,1,7,Y,N,,,h,,,,,,,,,,,b2,b3,b4,,
1_5_FCH,b1,b2,,0,B,r1,,0,2,4,Y,N,,,h,,,,,,,,,,,b2,,b4,,
1_7_FCH,b1,b2,b3,0,B,r1,r2,0,2,7,Y,N,,,h,,,,,,,,,,,b2,b3,b4,,
0_0_FO,0,,,,,,,0,1,0,Y,N,,,,,,,,,,,,,,,,,,
0_1_FO,0,b1,,,r1,,,0,1,1,Y,N,,,,,,,,,,,,,,b1,,,,
0_2_FO,0,,b2,,,r2,,0,1,2,Y,N,,,,,,,,,,,,,,,b2,,,
0_3_FO,0,,,b4,,,,1,1,0,Y,N,,,,,,,,,,,,,,,,b4,Y,
0_4_FO,0,b1,b2,,r1,r2,,0,1,4,Y,N,,,,,,,,,,,,,,b1,b2,,,
0_5_FO,0,b1,,b4,r1,,,1,1,1,Y,N,,,,,,,,,,,,,,b1,,b4,Y,
0_6_FO,0,,b2,b4,,r2,,1,1,2,Y,N,,,,,,,,,,,,,,,b2,b4,Y,
0_7_FO,0,b1,b2,b4,r1,r2,,1,1,4,Y,N,,,,,,,,,,,,,,b1,b2,b4,Y,
1_0_FO,0,,,,,,,0,2,0,Y,N,,,,,,,,,,,,,,,,,,
1_1_FO,0,b1,,,r1,,,0,2,1,Y,N,,,,,,,,,,,,,,b1,,,,
1_2_FO,0,,b2,,,r2,,0,2,2,Y,N,,,,,,,,,,,,,,,b2,,,
1_3_FO,0,,,b4,,,,1,2,0,Y,N,,,,,,,,,,,,,,,,b4,Y,
1_4_FO,0,b1,b2,,r1,r2,,0,2,4,Y,N,,,,,,,,,,,,,,b1,b2,,,
1_5_FO,0,b1,,b4,r1,,,1,2,1,Y,N,,,,,,,,,,,,,,b1,,b4,Y,
1_6_FO,0,,b2,b4,,r2,,1,2,2,Y,N,,,,,,,,,,,,,,,b2,b4,Y,
1_7_FO,0,b1,b2,b4,r1,r2,,1,2,4,Y,N,,,,,,,,,,,,,,b1,b2,b4,Y,
2_0_FO,0,,,,,,,0,3,0,Y,N,,,,,,,,,,,,,,,,,,
2_1_FO,0,,,,,,,0,3,0,Y,N,,,,,,,,,,,,,,b2,,,,
2_2_FO,0,,,,,,,0,3,0,Y,N,,,,,,,,,,,,,,,b3,,,
2_3_FO,0,,,,,,,0,3,0,Y,N,,,,,,,,,,,,,,,,b4,,
2_4_FO,0,,,,,,,0,3,0,Y,N,,,,,,,,,,,,,,b2,b3,,,
2_5_FO,0,,,,,,,0,3,0,Y,N,,,,,,,,,,,,,,b2,,b4,,
2_6_FO,0,,,,,,,0,3,0,Y,N,,,,,,,,,,,,,,,b3,b4,,
2_7_FO,0,,,,,,,0,3,0,Y,N,,,,,,,,,,,,,,b2,b3,b4,,
0_0_GO,0,,,,,,,0,1,0,Y,N,,,f,,,,,,,,,,,,,,,
0_2_GO,0,,b2,,,r2,,0,1,2,Y,N,,,f,,,,,,,,,,,,b2,,,
0_3_GO,0,,,b3,,,r3,0,1,3,Y,N,,,f,,,,,,,,,,,,,b3,,
0_6_GO,0,,b2,b3,,r2,r3,0,1,6,Y,N,,,f,,,,,,,,,,,,b2,b3,,
1_0_GO,0,,,,,,,0,2,0,Y,N,,,f,,,,,,,,,,,,,,,
1_2_GO,0,,b2,,,r2,,0,2,2,Y,N,,,f,,,,,,,,,,,,b2,,,
1_3_GO,0,,,b3,,,r3,0,2,3,Y,N,,,f,,,,,,,,,,,,,b3,,
1_6_GO,0,,b2,b3,,r2,r3,0,2,6,Y,N,,,f,,,,,,,,,,,,b2,b3,,
2_0_GO,0,,,,,,,0,3,0,Y,N,,,f,,,,,,,,,,,,,,,
2_1_GO,0,,,,,,,0,3,0,Y,N,,,f,f,f,f,f,f,f,f,,,,b2,,,,
2_2_GO,0,,,,,,,0,3,0,Y,N,,,f,f,f,f,f,f,f,f,,,,,b3,,,
2_3_GO,0,,,,,,,0,3,0,Y,N,,,f,f,f,f,f,f,f,f,,,,,,b4,,
2_4_GO,0,,,,,,,0,3,0,Y,N,,,f,f,f,f,f,f,t,f,,,,b2,b3,,,
2_5_GO,0,,,,,,,0,3,0,Y,N,,,f,f,f,f,f,f,f,f,,,,b2,,b4,,
2_6_GO,0,,,,,,,0,3,0,Y,N,,,f,f,f,f,f,f,f,f,,,,,b3,b4,,
2_7_GO,0,,,,,,,0,3,0,Y,N,,,f,f,f,f,f,f,f,f,,,,b2,b3,b4,,
0_1_GORA,0,b2,,,,r1,,0,1,2,Y,N,,,f,,,,,,,,,,,b2,,,,
0_2_GORA,0,,b3,,,,r2,0,1,3,Y,N,,,f,,,,,,,,,,,,b3,,,
0_3_GORA,0,,,b4,,,,1,1,0,Y,N,,,f,,,,,,,,,,,,,b4,,
0_4_GORA,0,b2,b3,,,r1,r2,0,1,6,Y,N,,,f,,,,,,,,,,,b2,b3,,,
0_5_GORA,0,b2,,b4,,r1,,1,1,2,Y,N,,,f,,,,,,,,,,,b2,,b4,,
0_6_GORA,0,,b3,b4,,,r2,1,1,3,Y,N,,,f,,,,,,,,,,,,b3,b4,,
0_7_GORA,0,b2,b3,b4,,r1,r2,1,1,6,Y,N,,,f,,,,,,,,,,,b2,b3,b4,,
1_1_GORA,0,b2,,,,r1,,0,2,2,Y,N,,,f,,,,,,,,,,,b2,,,,
1_2_GORA,0,,b3,,,,r2,0,2,3,Y,N,,,f,,,,,,,,,,,,b3,,,
1_3_GORA,0,,,b4,,,,1,2,0,Y,N,,,f,,,,,,,,,,,,,b4,,
1_4_GORA,0,b2,b3,,,r1,r2,0,2,6,Y,N,,,f,,,,,,,,,,,b2,b3,,,
1_5_GORA,0,b2,,b4,,r1,,1,2,2,Y,N,,,f,,,,,,,,,,,b2,,b4,,
1_6_GORA,0,,b3,b4,,,r2,1,2,3,Y,N,,,f,,,,,,,,,,,,b3,b4,,
1_7_GORA,0,b2,b3,b4,,r1,r2,1,2,6,Y,N,,,f,,,,,,,,,,,b2,b3,b4,,
0_0_HR,b4,,,,,,,1,0,0,Y,Y,,,,,,,,,,,,,,,,,,
0_1_HR,b4,b4,,,,,,2,0,0,Y,Y,,,,,,,,,,,,,,b4,,,,
0_2_HR,b4,,b4,,,,,2,0,0,Y,Y,,,,,,,,,,,,,,,b4,,,
0_3_HR,b4,,,b4,,,,2,0,0,Y,Y,,,,,,,,,,,,,,,,b4,,
0_4_HR,b4,b4,b4,,,,,3,0,0,Y,Y,,,,,,,,,,,,,,b4,b4,,,
0_5_HR,b4,b4,,b4,,,,3,0,0,Y,Y,,,,,,,,,,,,,,b4,,b4,,
0_6_HR,b4,,b4,b4,,,,3,0,0,Y,Y,,,,,,,,,,,,,,,b4,b4,,
0_7_HR,b4,b4,b4,b4,,,,4,0,0,Y,Y,,,,,,,,,,,,,,b4,b4,b4,,
1_0_HR,b4,,,,,,,1,1,0,Y,Y,,,,,,,,,,,,,,,,,,
1_1_HR,b4,b4,,,,,,2,1,0,Y,Y,,,,,,,,,,,,,,b4,,,,
1_2_HR,b4,,b4,,,,,2,1,0,Y,Y,,,,,,,,,,,,,,,b4,,,
1_3_HR,b4,,,b4,,,,2,1,0,Y,Y,,,,,,,,,,,,,,,,b4,,
1_4_HR,b4,b4,b4,,,,,3,1,0,Y,Y,,,,,,,,,,,,,,b4,b4,,,
1_5_HR,b4,b4,,b4,,,,3,1,0,Y,Y,,,,,,,,,,,,,,b4,,b4,,
1_6_HR,b4,,b4,b4,,,,3,1,0,Y,Y,,,,,,,,,,,,,,,b4,b4,,
1_7_HR,b4,b4,b4,b4,,,,4,1,0,Y,Y,,,,,,,,,,,,,,b4,b4,b4,,
2_0_HR,b4,,,,,,,1,2,0,Y,Y,,,,,,,,,,,,,,,,,,
2_1_HR,b4,b4,,,,,,2,2,0,Y,Y,,,,,,,,,,,,,,b4,,,,
2_2_HR,b4,,b4,,,,,2,2,0,Y,Y,,,,,,,,,,,,,,,b4,,,
2_3_HR,b4,,,b4,,,,2,2,0,Y,Y,,,,,,,,,,,,,,,,b4,,
2_4_HR,b4,b4,b4,,,,,3,2,0,Y,Y,,,,,,,,,,,,,,b4,b4,,,
2_5_HR,b4,b4,,b4,,,,3,2,0,Y,Y,,,,,,,,,,,,,,b4,,b4,,
2_6_HR,b4,,b4,b4,,,,3,2,0,Y,Y,,,,,,,,,,,,,,,b4,b4,,
2_7_HR,b4,b4,b4,b4,,,,4,2,0,Y,Y,,,,,,,,,,,,,,b4,b4,b4,,
0_0_IBB,b1,,,,B,,,0,0,1,N,N,,,,,,,,,,,,,,,,,,
0_1_IBB,b1,b2,,,B,r1,,0,0,4,N,N,,,,,,,,,,,,,,b2,,,,
0_2_IBB,b1,,b2,,B,r2,,0,0,4,N,N,,,,,,,,,,,,,,,b2,,,
0_3_IBB,b1,,,b3,B,,r3,0,0,5,N,N,,,,,,,,,,,,,,,,b3,,
0_4_IBB,b1,b2,b3,,B,r1,r2,0,0,7,N,N,,,,,,,,,,,,,,b2,b3,,,
0_5_IBB,b1,b2,,b3,B,r1,r3,0,0,7,N,N,,,,,,,,,,,,,,b2,,b3,,
0_6_IBB,b1,,b2,b3,B,r2,r3,0,0,7,N,N,,,,,,,,,,,,,,,b2,b3,,
0_7_IBB,b1,b2,b3,b4,B,r1,r2,1,0,7,N,N,,,,,,,,,,,,,,b2,b3,b4,,
1_0_IBB,b1,,,,B,,,0,1,1,N,N,,,,,,,,,,,,,,,,,,
1_1_IBB,b1,b2,,,B,r1,,0,1,4,N,N,,,,,,,,,,,,,,b2,,,,
1_2_IBB,b1,,b2,,B,r2,,0,1,4,N,N,,,,,,,,,,,,,,,b2,,,
1_3_IBB,b1,,,b3,B,,r3,0,1,5,N,N,,,,,,,,,,,,,,,,b3,,
1_4_IBB,b1,b2,b3,,B,r1,r2,0,1,7,N,N,,,,,,,,,,,,,,b2,b3,,,
1_5_IBB,b1,b2,,b3,B,r1,r3,0,1,7,N,N,,,,,,,,,,,,,,b2,,b3,,
1_6_IBB,b1,,b2,b3,B,r2,r3,0,1,7,N,N,,,,,,,,,,,,,,,b2,b3,,
1_7_IBB,b1,b2,b3,b4,B,r1,r2,1,1,7,N,N,,,,,,,,,,,,,,b2,b3,b4,,
2_0_IBB,b1,,,,B,,,0,2,1,N,N,,,,,,,,,,,,,,,,,,
2_1_IBB,b1,b2,,,B,r1,,0,2,4,N,N,,,,,,,,,,,,,,b2,,,,
2_2_IBB,b1,,b2,,B,r2,,0,2,4,N,N,,,,,,,,,,,,,,,b2,,,
2_3_IBB,b1,,,b3,B,,r3,0,2,5,N,N,,,,,,,,,,,,,,,,b3,,
2_4_IBB,b1,b2,b3,,B,r1,r2,0,2,7,N,N,,,,,,,,,,,,,,b2,b3,,,
2_5_IBB,b1,b2,,b3,B,r1,r3,0,2,7,N,N,,,,,,,,,,,,,,b2,,b3,,
2_6_IBB,b1,,b2,b3,B,r2,r3,0,2,7,N,N,,,,,,,,,,,,,,,b2,b3,,
2_7_IBB,b1,b2,b3,b4,B,r1,r2,1,2,7,N,N,,,,,,,,,,,,,,b2,b3,b4,,
0_0_IF1B,b1,,,,B,,,0,0,1,Y,Y,,,,f,f,f,f,f,f,,,,,,,,,
0_1_IF1B,b1,b2,,,B,r1,,0,0,4,Y,Y,,,,f,f,f,f,f,f,,,,,b2,,,,
0_2_IF1B,b1,,b2,,B,r2,,0,0,4,Y,Y,,,,f,f,f,f,f,f,,,,,,b2,,,
0_3_IF1B,b1,,,b3,B,,r3,0,0,5,Y,Y,,,,h,h,h,h,h,h,,,,,,,b3,,
0_4_IF1B,b1,b2,b3,,B,r1,r2,0,0,7,Y,Y,,,,f,f,f,f,f,f,,,,,b2,b3,,,
0_5_IF1B,b1,b2,,b3,B,r1,r3,0,0,7,Y,Y,,,,h,h,h,h,h,h,,,,,b2,,b3,,
0_6_IF1B,b1,,b2,b3,B,r2,r3,0,0,7,Y,Y,,,,h,h,h,h,h,h,,,,,,b2,b3,,
1_0_IF1B,b1,,,,B,,,0,1,1,Y,Y,,,,f,f,f,f,f,f,,,,,,,,,
1_1_IF1B,b1,b2,,,B,r1,,0,1,4,Y,Y,,,,f,f,f,f,f,f,,,,,b2,,,,
1_2_IF1B,b1,,b2,,B,r2,,0,1,4,Y,Y,,,,f,f,f,f,f,f,,,,,,b2,,,
1_3_IF1B,b1,,,b3,B,,r3,0,1,5,Y,Y,,,,h,h,h,h,h,h,,,,,,,b3,,
1_4_IF1B,b1,b2,b3,,B,r1,r2,0,1,7,Y,Y,,,,f,f,f,f,f,f,,,,,b2,b3,,,
1_5_IF1B,b1,b2,,b3,B,r1,r3,0,1,7,Y,Y,,,,h,h,h,h,h,h,,,,,b2,,b3,,
1_6_IF1B,b1,,b2,b3,B,r2,r3,0,1,7,Y,Y,,,,h,h,h,h,h,h,,,,,,b2,b3,,
1_7_IF1B,b1,b2,b3,b4,B,r1,r2,1,1,7,Y,Y,,,,h,h,h,h,h,h,,,,,b2,b3,b4,,
2_0_IF1B,b1,,,,B,,,0,2,1,Y,Y,,,,f,f,f,f,f,f,,,,,,,,,
2_1_IF1B,b1,b2,,,B,r1,,0,2,4,Y,Y,,,,f,f,f,f,f,f,,,,,b2,,,,
2_2_IF1B,b1,,b3,,B,,r2,0,2,5,Y,Y,,,,f,f,f,f,f,f,,,,,,b3,,,
2_3_IF1B,b1,,,b4,B,,,1,2,1,Y,Y,,,,h,h,h,h,h,h,,,,,,,b4,,
2_4_IF1B,b1,b2,b3,,B,r1,r2,0,2,7,Y,Y,,,,f,f,f,f,f,f,,,,,b2,b3,,,
2_5_IF1B,b1,b2,,b4,B,r1,,1,2,4,Y,Y,,,,h,h,h,h,h,h,,,,,b2,,b4,,
2_6_IF1B,b1,,b3,b4,B,,r2,1,2,5,Y,Y,,,,h,h,h,h,h,h,,,,,,b3,b4,,
2_7_IF1B,b1,b2,b3,b4,B,r1,r2,1,2,7,Y,Y,,,,h,h,h,h,h,h,,,,,b2,b3,b4,,
0_0_K,0,,,,,,,0,1,0,Y,N,,,,,,,,,,,,,,,,,,
0_1_K,0,b1,,,r1,,,0,1,1,Y,N,,,,,,,,,,,,,,b1,,,,
0_2_K,0,,b2,,,r2,,0,1,2,Y,N,,,,,,,,,,,,,,,b2,,,
0_3_K,0,,,b3,,,r3,0,1,3,Y,N,,,,,,,,,,,,,,,,b3,,
0_4_K,0,b1,b2,,r1,r2,,0,1,4,Y,N,,,,,,,,,,,,,,b1,b2,,,
0_5_K,0,b1,,b3,r1,,r3,0,1,5,Y,N,,,,,,,,,,,,,,b1,,b3,,
0_6_K,0,,b2,b3,,r2,r3,0,1,6,Y,N,,,,,,,,,,,,,,,b2,b3,,
0_7_K,0,b1,b2,b3,r1,r2,r3,0,1,7,Y,N,,,,,,,,,,,,,,b1,b2,b3,,
1_0_K,0,,,,,,,0,2,0,Y,N,,,,,,,,,,,,,,,,,,
1_1_K,0,b1,,,r1,,,0,2,1,Y,N,,,,,,,,,,,,,,b1,,,,
1_2_K,0,,b2,,,r2,,0,2,2,Y,N,,,,,,,,,,,,,,,b2,,,
1_3_K,0,,,b3,,,r3,0,2,3,Y,N,,,,,,,,,,,,,,,,b3,,
1_4_K,0,b1,b2,,r1,r2,,0,2,4,Y,N,,,,,,,,,,,,,,b1,b2,,,
1_5_K,0,b1,,b3,r1,,r3,0,2,5,Y,N,,,,,,,,,,,,,,b1,,b3,,
1_6_K,0,,b2,b3,,r2,r3,0,2,6,Y,N,,,,,,,,,,,,,,,b2,b3,,
1_7_K,0,b1,b2,b3,r1,r2,r3,0,2,7,Y,N,,,,,,,,,,,,,,b1,b2,b3,,
2_0_K,0,,,,,,,0,3,0,Y,N,,,,,,,,,,,,,,,,,,
2_1_K,0,,,,,,,0,3,0,Y,N,,,,,,,,,,,,,,,,,,
2_2_K,0,,,,,,,0,3,0,Y,N,,,,,,,,,,,,,,,,,,
2_3_K,0,,,,,,,0,3,0,Y,N,,,,,,,,,,,,,,,,,,
2_4_K,0,,,,,,,0,3,0,Y,N,,,,,,,,,,,,,,,,,,
2_5_K,0,,,,,,,0,3,0,Y,N,,,,,,,,,,,,,,,,,,
2_6_K,0,,,,,,,0,3,0,Y,N,,,,,,,,,,,,,,,,,,
2_7_K,0,,,,,,,0,3,0,Y,N,,,,,,,,,,,,,,,,,,
0_0_PO,0,,,,,,,0,1,0,Y,N,,,,,,,,,,,,,,,,,,
0_1_PO,0,b1,,,r1,,,0,1,1,Y,N,,,,,,,,,,,,,,b1,,,,
0_2_PO,0,,b2,,,r2,,0,1,2,Y,N,,,,,,,,,,,,,,,b2,,,
0_3_PO,0,,,b3,,,r3,0,1,3,Y,N,,,,,,,,,,,,,,,,b3,,
0_4_PO,0,b1,b2,,r1,r2,,0,1,4,Y,N,,,,,,,,,,,,,,b1,b2,,,
0_5_PO,0,b1,,b3,r1,,r3,0,1,5,Y,N,,,,,,,,,,,,,,b1,,b3,,
0_6_PO,0,,b2,b3,,r2,r3,0,1,6,Y,N,,,,,,,,,,,,,,,b2,b3,,
0_7_PO,0,b1,b2,b3,r1,r2,r3,0,1,7,Y,N,,,,,,,,,,,,,,b1,b2,b3,,
1_0_PO,0,,,,,,,0,2,0,Y,N,,,,,,,,,,,,,,,,,,
1_1_PO,0,b1,,,r1,,,0,2,1,Y,N,,,,,,,,,,,,,,b1,,,,
1_2_PO,0,,b2,,,r2,,0,2,2,Y,N,,,,,,,,,,,,,,,b2,,,
1_3_PO,0,,,b3,,,r3,0,2,3,Y,N,,,,,,,,,,,,,,,,b3,,
1_4_PO,0,b1,b2,,r1,r2,,0,2,4,Y,N,,,,,,,,,,,,,,b1,b2,,,
1_5_PO,0,b1,,b3,r1,,r3,0,2,5,Y,N,,,,,,,,,,,,,,b1,,b3,,
1_6_PO,0,,b2,b3,,r2,r3,0,2,6,Y,N,,,,,,,,,,,,,,,b2,b3,,
1_7_PO,0,b1,b2,b3,r1,r2,r3,0,2,7,Y,N,,,,,,,,,,,,,,b1,b2,b3,,
2_0_PO,0,,,,,,,0,3,0,Y,N,,,,,,,,,,,,,,,,,,
2_1_PO,0,,,,,,,0,3,0,Y,N,,,,,,,,,,,,,,b2,,,,
2_2_PO,0,,,,,,,0,3,0,Y,N,,,,,,,,,,,,,,,b3,,,
2_3_PO,0,,,,,,,0,3,0,Y,N,,,,,,,,,,,,,,,,b4,,
2_4_PO,0,,,,,,,0,3,0,Y,N,,,,,,,,,,,,,,b2,b3,,,
2_5_PO,0,,,,,,,0,3,0,Y,N,,,,,,,,,,,,,,b2,,b4,,
2_6_PO,0,,,,,,,0,3,0,Y,N,,,,,,,,,,,,,,,b3,b4,,
2_7_PO,0,,,,,,,0,3,0,Y,N,,,,,,,,,,,,,,b2,b3,b4,,
0_1_SacF,0,b2,,,,r1,,0,1,2,N,N,,,s,,,,,,,s,,,,b2,,,Y,
0_2_SacF,0,,b3,,,,r2,0,1,3,N,N,LF,CF,t,,,,,,,t,,,,,b3,,Y,
0_3_SacF,0,,,b4,,,,1,1,0,N,N,,,h,,,,,,,h,,,,,,b4,Y,
0_4_SacF,0,b1,b3,,r1,,r2,0,1,5,N,N,LF,CF,t,,,,,,,t,,,,b1,b3,,Y,
0_5_SacF,0,b1,,b4,r1,,,1,1,1,N,N,,,h,,,,,,,h,,,,b1,,b4,Y,
0_6_SacF,0,,b2,b4,,r2,,1,1,2,N,N,,,h,,,,,,,h,,,,,b2,b4,Y,
0_7_SacF,0,b1,b2,b4,r1,r2,,1,1,4,N,N,,,h,,,,,,,h,,,,b1,b2,b4,Y,
1_1_SacF,0,b2,,,,r1,,0,2,2,N,N,,,s,,,,,,,s,,,,b2,,,Y,
1_2_SacF,0,,b3,,,,r2,0,2,3,N,N,LF,CF,t,,,,,,,t,,,,,b3,,Y,
1_3_SacF,0,,,b4,,,,1,2,0,N,N,,,h,,,,,,,h,,,,,,b4,Y,
1_4_SacF,0,b1,b3,,r1,,r2,0,2,5,N,N,LF,CF,t,,,,,,,t,,,,b1,b3,,Y,
1_5_SacF,0,b1,,b4,r1,,,1,2,1,N,N,,,h,,,,,,,h,,,,b1,,b4,Y,
1_6_SacF,0,,b2,b4,,r2,,1,2,2,N,N,,,h,,,,,,,h,,,,,b2,b4,Y,
1_7_SacF,0,b1,b2,b4,r1,r2,,1,2,4,N,N,,,h,,,,,,,h,,,,b1,b2,b4,Y,
0_1_SB,,b2,,,,r1,,0,0,2,N,N,,C,s,,,,,,,,,,,b2,,,,
0_5_SB,,b2,,b3,,r1,r3,0,0,6,N,N,,C,s,,,,,,,,,,,b2,,b3,,
1_1_SB,,b2,,,,r1,,0,1,2,N,N,,C,s,,,,,,,,,,,b2,,,,
1_5_SB,,b2,,b3,,r1,r3,0,1,6,N,N,,C,s,,,,,,,,,,,b2,,b3,,
2_1_SB,,b2,,,,r1,,0,2,2,N,N,,C,s,,,,,,,,,,,b2,,,,
2_5_SB,,b2,,b3,,r1,r3,0,2,6,N,N,,C,s,,,,,,,,,,,b2,,b3,,
0_1_SB2,,b2,,,,r1,,0,0,2,N,N,,C,s,,,,,,,,,,,b2,,,,
0_5_SB2,,b2,,b3,,r1,r3,0,0,6,N,N,,C,s,,,,,,,,,,,b2,,b3,,
1_1_SB2,,b2,,,,r1,,0,1,2,N,N,,C,s,,,,,,,,,,,b2,,,,
1_5_SB2,,b2,,b3,,r1,r3,0,1,6,N,N,,C,s,,,,,,,,,,,b2,,b3,,
2_1_SB2,,b2,,,,r1,,0,2,2,N,N,,C,s,,,,,,,,,,,b2,,,,
2_5_SB2,,b2,,b3,,r1,r3,0,2,6,N,N,,C,s,,,,,,,,,,,b2,,b3,,
0_2_SB3,,,b3,,,,r2,0,0,3,N,N,,C,t,,,,,,,,,,,,b3,,,
0_4_SB3,,b1,b3,,r1,,r2,0,0,5,N,N,,C,t,,,,,,,,,,,b1,b3,,,
1_2_SB3,,,b3,,,,r2,0,1,3,N,N,,C,t,,,,,,,,,,,,b3,,,
1_4_SB3,,b1,b3,,r1,,r2,0,1,5,N,N,,C,t,,,,,,,,,,,b1,b3,,,
2_2_SB3,,,b3,,,,r2,0,2,3,N,N,,C,t,,,,,,,,,,,,b3,,,
2_4_SB3,,b2,b3,,,r1,r2,0,2,6,N,N,,C,t,,,,,,,,,,,b2,b3,,,
0_4_SB32,,b2,b3,,,r1,r2,0,0,6,N,N,,C,t,,,,,,,,,,,b2,b3,,,
1_4_SB32,,b2,b3,,,r1,r2,0,1,6,N,N,,C,t,,,,,,,,,,,b2,b3,,,
2_4_SB32,,b2,b3,,,r1,r2,0,2,6,N,N,,C,t,,,,,,,,,,,b2,b3,,,
0_3_SB4,,,,b4,,,,1,0,0,N,N,C,P,h,,,,,,,,,,,,,b4,,
0_5_SB4,,b1,,b4,r1,,,1,0,1,N,N,C,P,h,,,,,,,,,,,b1,,b4,,
0_6_SB4,,,b2,b4,,r2,,1,0,2,N,N,C,P,h,,,,,,,,,,,,b2,b4,,
0_7_SB4,,b1,b2,b4,r1,r2,,1,0,4,N,N,C,P,h,,,,,,,,,,,b1,b2,b4,,
1_3_SB4,,,,b4,,,,1,1,0,N,N,C,P,h,,,,,,,,,,,,,b4,,
1_5_SB4,,b1,,b4,r1,,,1,1,1,N,N,C,P,h,,,,,,,,,,,b1,,b4,,
1_6_SB4,,,b2,b4,,r2,,1,1,2,N,N,C,P,h,,,,,,,,,,,,b2,b4,,
1_7_SB4,,b1,b2,b4,r1,r2,,1,1,4,N,N,C,P,h,,,,,,,,,,,b1,b2,b4,,
2_3_SB4,,,,b4,,,,1,2,0,N,N,C,P,h,,,,,,,,,,,,,b4,,
2_5_SB4,,b2,,b4,,r1,,1,2,2,N,N,C,P,h,,,,,,,,,,,b2,,b4,,
2_6_SB4,,,b3,b4,,,r2,1,2,3,N,N,C,P,h,,,,,,,,,,,,b3,b4,,
2_7_SB4,,b2,b3,b4,,r1,r2,1,2,6,N,N,C,P,h,,,,,,,,,,,b2,b3,b4,,
0_5_SB42,,b2,,b4,,r1,,1,0,2,N,N,C,P,h,,,,,,,,,,,b2,,b4,,
1_5_SB42,,b2,,b4,,r1,,1,1,2,N,N,C,P,h,,,,,,,,,,,b2,,b4,,
2_5_SB42,,b2,,b4,,r1,,1,2,2,N,N,C,P,h,,,,,,,,,,,b2,,b4,,
0_6_SB43,,,b3,b4,,,r2,1,0,3,N,N,C,P,h,,,,,,,,,,,,b3,b4,,
0_7_SB43,,b1,b3,b4,r1,,r2,1,0,5,N,N,C,P,h,,,,,,,,,,,b1,b3,b4,,
1_6_SB43,,,b3,b4,,,r2,1,1,3,N,N,C,P,h,,,,,,,,,,,,b3,b4,,
1_7_SB43,,b1,b3,b4,r1,,r2,1,1,5,N,N,C,P,h,,,,,,,,,,,b1,b3,b4,,
2_6_SB43,,,b3,b4,,,r2,1,2,3,N,N,C,P,h,,,,,,,,,,,,b3,b4,,
2_7_SB43,,b1,b3,b4,r1,,r2,1,2,5,N,N,C,P,h,,,,,,,,,,,b1,b3,b4,,
0_7_SB432,,b2,b3,b4,,r1,r2,1,0,6,N,N,C,P,h,,,,,,,,,,,b2,b3,b4,,
1_7_SB432,,b2,b3,b4,,r1,r2,1,1,6,N,N,C,P,h,,,,,,,,,,,b2,b3,b4,,
2_7_SB432,,b2,b3,b4,,r1,r2,1,2,6,N,N,C,P,h,,,,,,,,,,,b2,b3,b4,,
0_4_TP,0,0,0,,,,,0,3,0,Y,N,"SS,2B,1B,P",3B,"t,s,f","t,s,f","t,s,f","t,s,f","t,s,f","t,s,f","t,s,f",,,,,b2,b3,b4,,
0_7_TP,0,0,0,,,,,0,3,0,Y,N,"SS,2B,1B,P",3B,"t,s,f","t,s,f","h,t,s","t,s,f","t,s,f","t,s,f","t,s,f",,,,,b2,b3,b4,,
0_1_SacB,0,b2,,,,r1,,0,1,2,N,N,"2B,SS",3B,f,,,,,,,,,,,b2,,,,
0_2_SacB,0,,b3,,,,r2,0,1,3,N,N,"2B,SS",3B,f,,,,,,,,,,,,b3,,,
0_3_SacB,0,,,b4,,,,1,1,0,N,N,"2B,SS",3B,f,,,,,,,,,,,,,b4,,
0_4_SacB,0,b2,b3,,,r1,r2,0,1,6,N,N,"2B,SS",3B,f,,,,,,,,,,,b2,b3,,,
0_5_SacB,0,b2,,b4,,r1,,1,1,2,N,N,"2B,SS",3B,f,,,,,,,,,,,b2,,b4,,
0_6_SacB,0,,b3,b4,,,r2,1,1,3,N,N,"2B,SS",3B,f,,,,,,,,,,,,b3,b4,,
0_7_SacB,0,b2,b3,b4,,r1,r2,1,1,6,N,N,"2B,SS",3B,f,,,,,,,,,,,b2,b3,b4,,
1_1_SacB,0,b2,,,,r1,,0,2,2,N,N,"2B,SS",3B,f,,,,,,,,,,,b2,,,,
1_2_SacB,0,,b3,,,,r2,0,2,3,N,N,"2B,SS",3B,f,,,,,,,,,,,,b3,,,
1_3_SacB,0,,,b4,,,,1,2,0,N,N,"2B,SS",3B,f,,,,,,,,,,,,,b4,,
1_4_SacB,0,b2,b3,,,r1,r2,0,2,6,N,N,"2B,SS",3B,f,,,,,,,,,,,b2,b3,,,
1_5_SacB,0,b2,,b4,,r1,,1,2,2,N,N,"2B,SS",3B,f,,,,,,,,,,,b2,,b4,,
1_6_SacB,0,,b3,b4,,,r2,1,2,3,N,N,"2B,SS",3B,f,,,,,,,,,,,,b3,b4,,
1_7_SacB,0,b2,b3,b4,,r1,r2,1,2,6,N,N,"2B,SS",3B,f,,,,,,,,,,,b2,b3,b4,,
1_5_DP,0,0,,,,,,0,3,0,Y,N,,,"s,f","s,f","s,f","s,f","s,f","s,f","s,f",,,,,b2,,b4,,
0_5_DP,0,0,,b3,,,r3,0,2,3,Y,N,,,"s,f","s,f","s,f","s,f","s,f","s,f","s,f",,,,,b2,,b3,,
0_2_LODP,0,,0,,,,,0,2,0,Y,N,,,s,,,,,,,,,,,,b3,,,Y
0_3_LODP,0,,,0,,,,0,2,0,Y,N,,,t,,,,,,,,,,,,,b4,,Y
0_6_LODP,0,,b2,0,,r2,,0,2,2,Y,N,,,t,,,,,,,,,,,,b2,b4,,Y
1_2_LODP,0,,0,,,,,0,3,0,Y,N,,,s,,,,,,,,,,,,b3,,,Y
1_3_LODP,0,,,0,,,,0,3,0,Y,N,,,t,,,,,,,,,,,,,b4,,Y
1_6_LODP,0,,,0,,,,0,3,0,Y,N,,,t,,,,,,,,,,,,,b4,,Y
0_5_LODP,0,b1,,0,r1,,,0,2,1,Y,N,,,t,,,,,,,,,,,b1,,b4,,Y
1_5_LODP,0,,,0,,,,0,3,0,Y,N,,,t,,,,,,,,,,,,,b4,,Y
2_3_BGO,0,,,,,,,0,3,0,Y,N,"2B,SS",3B,f,,,,,,,,,,,,,b4,,
1_0_pAuto,,,g,,,g,,0,1,2,N,N,,,,,,,,,,,,,,,g,,,
2_0_pAuto,,,g,,,g,,0,2,2,N,N,,,,,,,,,,,,,,,g,,,
0_0_pAuto,,,g,,,g,,0,0,2,N,N,,,,,,,,,,,,,,,g,,,
0_7_IF1B,b1,b2,b3,b4,B,r1,r2,1,0,7,Y,Y,,,,h,h,h,h,h,h,,,,,b2,b3,b4,,
0_1_KCS,0,0,,,,,,0,2,0,Y,N,,C,s,,,,,,,,,,,b2,,,Y,
0_2_KCS,0,,0,,,,,0,2,0,Y,N,,C,t,,,,,,,,,,,,b3,,Y,
0_4_KCS,0,b2,0,,,r1,,0,2,2,Y,N,,C,t,,,,,,,,,,,b2,b3,,Y,
0_5_KCS,0,0,,b3,,,r3,0,2,3,Y,N,,C,s,,,,,,,,,,,b2,,b3,Y,
1_1_KCS,0,0,,,,,,0,3,0,Y,N,,C,s,,,,,,,,,,,b2,,,Y,
1_2_KCS,0,,0,,,,,0,3,0,Y,N,,C,t,,,,,,,,,,,,b3,,Y,
1_4_KCS,0,,0,,,,,0,3,2,Y,N,,C,t,,,,,,,,,,,b2,b3,,Y,
1_5_KCS,0,0,,,,,,0,3,3,Y,N,,C,s,,,,,,,,,,,b2,,b3,Y,
